[
  {
    "image": "/assets/images/paper-person.png",
    "text": "Менеджер вашей компании отправляет нам заявку"
  },
  {
    "image": "/assets/images/paper-person.png",
    "text": "Мы обеспечиваем билетами, трансфером и заселяем в гостиницу или апартаменты"
  },
  {
    "image": "/assets/images/paper-person.png",
    "text": "Оказываем поддержку во время всей командировки"
  },
  {
    "image": "/assets/images/paper-person.png",
    "text": "Выставляем единый счет на оплату услуг"
  }
]
