[
  {
    "name": "Арман Мусаев",
    "avatar": "/assets/images/arman.jpg",
    "text": "Классный сервис! Техническая поддержка быстро обрабатывают запрос! Спасибо за качественный продукт.",
    "logo": "/assets/images/kaspi-logo.png",
    "job": "HR-менеджер"
  },
  {
    "name": "Алия Медеуова",
    "avatar": "/assets/images/aliya.jpg",
    "text": "Крутое приложение! Пришли пуш уведомления, где была показана вся информация по трансферу, заселению в отель! В целом, удобная штука, буду советовать друзьям!",
    "logo": "/assets/images/kolesa-logo.png",
    "job": "HR-менеджер"
  },
  {
    "name": "Аман Кайыпбеков",
    "avatar": "/assets/images/aman.jpg",
    "text": "Быстро обработали запрос! Сэкномили кучу времени на трансфер, брони отелей и прочих вопросов!",
    "logo": "/assets/images/krisha-logo.png",
    "job": "Менеджер по продажам"
  }
]
